glom,orn_hz,n_own_pn,own_pn_hz,other_pn_hz,pn_specificity,al_recruited,kc_active,t_al_over_half_ms
DA1,25,17,68.62745098039217,57.55128205128205,0.07232899359371771,0.5868055555555556,0.056596484450453934,100.0
DA1,50,17,86.47058823529412,64.3076923076923,0.08081363386476086,0.5868055555555556,0.05736913270233726,75.0
DA1,100,17,104.90196078431373,66.26923076923077,0.0937938288920056,0.5885416666666666,0.05833494301719142,75.0
DA2,25,11,0.0,0.0,0.0,0.0,0.0,
DA2,50,11,0.0,0.0,0.0,0.0,0.0,
DA2,100,11,9.696969696969697,0.0,1.0,0.006944444444444444,0.0,
V,25,4,38.333333333333336,0.0,1.0,0.008680555555555556,0.0,
V,50,4,94.16666666666667,33.06471306471307,0.04005671747607231,0.5911458333333334,0.05273324319103728,200.0
V,100,4,125.0,54.517704517704516,0.032502708559046585,0.5920138888888888,0.05601699826154143,125.0
DM1,25,2,180.0,64.32727272727273,0.019944598337950138,0.5876736111111112,0.059880239520958084,75.0
DM1,50,2,193.33333333333334,66.52121212121213,0.02069950035688794,0.5876736111111112,0.06335715665443307,75.0
DM1,100,2,213.33333333333334,67.56363636363636,0.022448263767099262,0.5911458333333334,0.06335715665443307,75.0
VA1v,25,13,0.0,0.0,0.0,0.0,0.0,
VA1v,50,13,5.897435897435898,0.0,1.0,0.022569444444444444,0.0,
VA1v,100,13,72.82051282051283,58.371212121212125,0.0578765029549623,0.5894097222222222,0.05775545682827893,100.0
DL3,25,10,0.0,0.0,0.0,0.0,0.0,
DL3,50,10,11.0,0.0,1.0,0.003472222222222222,0.0,
DL3,100,10,42.333333333333336,0.0,1.0,0.013888888888888888,0.0,
