channel,mb.PAM,mb.PPL1,mb.MBON,mb.KC,lh.all,cx.all,dn.walk_forward,dn.turn,dn.walk_backward,dn.escape,dn.groom,dn.all,motor.MN9,motor.all,region.unassigned,region.taste,region.smell,region.vision,region.hearing_wind,region.touch,region.temperature,region.humidity,region.other_sense,region.antennal_lobe,region.optic_lobe,region.mushroom_body,region.lateral_horn,region.central_complex,region.protocerebrum,region.visual_proj,region.ascending,region.descending,region.motor,n_driven,spikes,ms_per_step
sugar (annotated LB3c),0.0,0.0,0.0,0.0,0.0,0.0,0.0,0.0,0.0,0.0,0.0,1.116243264049168,64.99999999999413,7.344086021504713,0.0,14.297619047617756,0.0,0.0,0.0,0.0,0.0,0.0,0.17021276595743143,0.07812499999999294,0.0,0.0,0.0,0.0,0.34937804218493324,0.007007708479326627,0.052995391705064336,1.116243264049168,7.344086021504713,32,7867,0.07791449720002674
sugar (Shiu 21 ids),0.0,0.0,0.0,0.0,0.0,0.0,0.0,0.0,0.0,0.0,0.0,1.1855273287142885,66.99999999999395,6.333333333332761,0.0,8.922619047618241,0.0,0.0,0.0,0.0,0.0,0.0,0.119148936170202,0.0,0.0,0.0,0.0,0.0,0.3012439156300431,0.0028030833917306506,0.14400921658984872,1.1855273287142885,6.333333333332761,21,6379,0.04860057840000991
bitter,0.0,0.0,0.0,0.0,0.0,0.0,0.0,0.0,0.0,0.0,0.0,0.2201693610469393,0.0,0.0537634408602102,0.0,18.488095238093567,0.0,0.0,0.0,0.0,0.0,0.0,0.0,0.14756944444443112,0.0,0.0,0.0,0.0,0.10230755363258495,0.0,0.13248847926266086,0.2201693610469393,0.0537634408602102,42,4589,0.042421293000006695
water,0.0,0.0,0.0,0.0,0.0,0.0,0.0,0.0,0.0,0.0,0.0,0.2478829869129876,0.0,0.0,0.0,13.279761904760704,0.0,0.0,0.0,0.0,0.0,0.0,0.0,0.265624999999976,0.0,0.0,0.0,0.0,0.06706327744726273,0.0,0.035714285714282486,0.2478829869129876,0.0,30,3320,0.03762137359999542
high salt,0.0,0.0,0.0,0.0,0.0,0.0,0.0,0.0,0.0,0.0,0.0,1.1131639722862736,65.99999999999403,3.784946236558798,0.0,13.166666666665476,0.0,0.0,0.0,0.0,0.0,0.0,0.0,0.11458333333332298,0.0,0.0,0.0,0.0,0.19190553452314832,0.0,0.18663594470044395,1.1131639722862736,3.784946236558798,29,5644,0.04187580400002844
CO2 (ORN_V),18.71661237784847,102.37499999999075,76.68749999999307,29.383426694994448,64.19424460431075,0.3179130434782321,0.0,17.999999999998373,0.0,0.0,0.0,3.582755966127467,0.0,0.11827956989246244,0.0,0.0,8.651162790696892,0.0,0.0,0.0,60.41379310344282,52.972972972968186,0.0,93.81423611110263,0.006913452856957972,30.042439372322537,64.19424460431075,0.3179130434782321,4.738146745988395,0.18804017752859783,0.05529953917050192,3.582755966127467,0.11827956989246244,67,225297,0.24516603780002694
geosmin (ORN_DA2),18.31921824104069,99.62499999999099,74.64583333332658,28.667181765498665,62.41726618704472,0.2949565217391038,0.0,16.499999999998508,0.0,0.0,0.0,3.5458044649727354,0.0,0.12903225806450447,0.0,0.0,6.944273804299503,0.0,0.0,0.0,59.724137931029084,52.135135135130426,0.0,91.48784722221396,0.004978717915645106,29.31169757489036,62.41726618704472,0.2949565217391038,4.569587164232506,0.1667834618079737,0.056451612903220705,3.5458044649727354,0.12903225806450447,39,217337,0.21831132899997102
cVA (ORN_DA1),19.231270358304453,103.49999999999065,78.20833333332627,30.10237589337182,65.2410071942387,0.3290434782608398,0.0,20.49999999999815,0.0,0.0,0.0,3.7967667436486177,0.9999999999999096,0.1935483870967567,0.0,0.0,12.673979815707499,0.0,0.0,0.0,61.310344827580664,53.99999999999512,0.0,96.27777777776907,0.0052624790403709935,30.767831669041442,65.2410071942387,0.3290434782608398,4.834144582656855,0.1688857743517717,0.059907834101377073,3.7967667436486177,0.1935483870967567,126,234761,0.23095667339998727
vinegar-like (DM1+DM4),20.10423452768548,106.3749999999904,80.04166666665944,31.221556886224725,66.54316546761989,0.34504347826083837,0.0,17.999999999998373,0.0,0.0,0.0,3.7321016166278382,0.0,0.11827956989246244,0.0,0.0,11.605089951732168,0.0,0.0,0.0,62.206896551718515,54.891891891886935,0.0,96.90104166665792,0.006139558880432825,31.89336661911267,66.54316546761989,0.34504347826083837,4.894447449071128,0.17098808689556969,0.06566820276497101,3.7321016166278382,0.11827956989246244,108,238157,0.23880707759999495
sound (JO-A+B),0.0,0.0,0.0,0.0,0.0,0.0,0.0,0.0,0.0,35.999999999996746,0.0,0.7436489607389628,0.0,0.0,0.0,0.0,0.0,0.0,49.13473877176458,0.0,0.0,0.0,0.0,0.0,0.00018057526118920076,0.0,0.0,0.0,0.17784387957452874,0.004905395935528639,0.03341013824884491,0.7436489607389628,0.0,358,29316,0.07119224240000221
wind/gravity (JO-C+E),0.0,0.0,0.0,0.0,0.0,0.0020869565217389416,0.0,0.0,0.0,0.0,10.599999999999042,1.7767513471899856,0.0,0.02150537634408408,0.0,0.0,0.0,0.0,59.50137488542084,0.0,0.0,0.0,0.0,0.17361111111109542,0.004617567393266705,0.0,0.0,0.0020869565217389416,0.6129439336577777,0.047418827376776836,0.01843317972350064,1.7767513471899856,0.02150537634408408,433,40915,0.07810579440001675
heat,18.755700325731205,102.49999999999073,76.7708333333264,29.45489665829365,64.34532374100138,0.3074782608695374,0.0,20.49999999999815,0.0,0.0,0.0,3.692070823710213,0.0,0.1397849462365465,0.0,0.0,4.397542781921499,0.0,0.0,0.0,92.06896551723305,53.810810810805954,0.0,94.64236111110256,0.0050045143815292785,30.112696148356765,64.34532374100138,0.3074782608695374,4.701009554713836,0.1691193646344159,0.056451612903220705,3.692070823710213,0.1397849462365465,7,221148,0.22949533360001623
cold,18.84690553745758,102.74999999999072,76.66666666665974,29.5286845663485,64.32733812949058,0.3471304347825773,0.0,16.999999999998465,0.0,0.0,0.0,3.7244033872206024,0.0,0.16129032258063059,0.0,0.0,4.438788942518247,0.0,0.0,0.0,99.79310344826683,75.43243243242561,0.0,95.15104166665807,0.004720753256803391,30.18651925819984,64.32733812949058,0.3471304347825773,4.714710654407361,0.16374678813359886,0.05875576036865829,3.7244033872206024,0.16129032258063059,22,222802,0.2249514445999921
dry,18.74267100977029,102.24999999999076,76.7708333333264,29.390380529261396,64.28057553956253,0.33599999999996966,0.0,17.49999999999842,0.0,0.0,0.0,3.585835257890361,0.0,0.09677419354837835,0.0,0.0,4.450197455023731,0.0,0.0,0.0,61.24137931033929,106.81081081080116,0.0,94.75520833332476,0.0058815942215911104,30.056348074177027,64.28057553956253,0.33599999999996966,4.705606634216268,0.1836019621583576,0.06221198156681466,3.585835257890361,0.09677419354837835,29,222731,0.22635702379998293
humid,18.501628664493442,102.62499999999072,75.97916666665981,29.174425342860026,63.67266187049784,0.32208695652171004,0.0,19.499999999998238,0.0,0.0,0.0,3.7028483448803424,0.0,0.12903225806450447,0.0,0.0,4.323826239578372,0.0,0.0,0.0,114.20689655171383,81.70270270269532,0.0,94.16840277776926,0.004333806268540818,29.827032810268346,63.67266187049784,0.32208695652171004,4.675049576347153,0.1679514132211948,0.0576036866359395,3.7028483448803424,0.12903225806450447,29,220865,0.214869963000001
